Williams,Annette,Psychiatrist,annet.willi@holloway.org,9305709284
Johnson,Garrett,Public relations account executive,garre.johns@shah-cruz.org,(233)957-0491
West,Ann,"Nurse, learning disability",ann.west@evans.info,693.442.1550x4401
Hopkins,Rachel,"Engineer, communications",rache.hopki@stevens.biz,001-646-603-1597x5245
Baird,Tom,"Chemist, analytical",tom.baird@bennett.net,(603)728-3081x9232
Pham,Nicholas,"Doctor, hospital",nicho.pham@warner-potts.org,+1-601-499-2141
Fox,Jeffrey,"Doctor, hospital",jeffr.fox@jones.biz,260.989.7522
Robinson,Samuel,Electrical engineer,samue.robin@lam.com,403.369.1036x8643
Garcia,Billy,Financial risk analyst,billy.garci@colon-brown.biz,(483)463-2435
Fisher,Olivia,Air cabin crew,olivi.fishe@hill.com,522-583-4249
Abbott,Lauren,"Engineer, materials",laure.abbot@wang.biz,324.284.8145
Mooney,Charles,Set designer,charl.moone@shea.com,+1-204-457-4383x3099
Buck,Russell,Armed forces technical officer,russe.buck@frank-hill.com,(572)381-6112x295
Jones,Eric,"Psychologist, sport and exercise",eric.jones@green.com,001-533-724-9235
Allen,Samantha,"Administrator, arts",saman.allen@shaffer.com,+1-530-842-1196x642
Hood,Brad,Learning mentor,brad.hood@bautista.com,857.415.0793
Jones,Beth,Exhibition designer,beth.jones@jones-kramer.info,657-894-8522x8848
West,Randy,"Administrator, charities/voluntary organisations",randy.west@lewis.com,365-689-2998
Schmidt,James,Planning and development surveyor,james.schmi@anderson-durham.org,414.747.9773
Robertson,Kimberly,Cabin crew,kimbe.rober@dunn.com,7888701000
Moore,Daniel,Electronics engineer,danie.moore@mccoy-mcdonald.com,+1-637-963-9915
Dominguez,Luke,Pension scheme manager,luke.domin@ford.com,001-475-857-6713
Bishop,Kelli,Chief Financial Officer,kelli.bisho@martinez.com,001-451-389-4690x309
Hopkins,Joshua,"Therapist, drama",joshu.hopki@shepard.com,+1-216-323-1969x3545
Sanders,Tyrone,"Designer, industrial/product",tyron.sande@ferguson.com,001-509-684-1453x529
Jones,Kevin,"Accountant, chartered management",kevin.jones@howell-daniel.com,001-371-592-3067x1918
Harris,Matthew,"Optician, dispensing",matth.harri@roberts.com,001-777-832-4804x16209
Roach,Matthew,Make,matth.roach@gonzalez-ward.com,(456)442-0632
Moore,Jason,Brewing technologist,jason.moore@scott-estrada.net,(685)844-3314x4308
Bruce,Kenneth,Medical technical officer,kenne.bruce@ellis.com,5969470334
Perkins,Michael,Podiatrist,micha.perki@carpenter-gardner.com,298.353.5529
Burke,Ricky,Theatre stage manager,ricky.burke@anderson-williams.com,684-248-6073x370
Davis,Jason,Retail merchandiser,jason.davis@kelly-alvarez.biz,878-932-0548x07083
Diaz,Anita,Interpreter,anita.diaz@patterson-johnson.com,(836)337-5242
Branch,Timothy,"Engineer, manufacturing",timot.branc@hayes.biz,999-485-3812
Payne,Bradley,"Nurse, adult",bradl.payne@weber.biz,914-493-0625
Spencer,Jonathan,Chief Technology Officer,jonat.spenc@garza.net,(471)726-9747
Jones,Bianca,Hotel manager,bianc.jones@rowe.org,001-341-870-3789x73496
Mcgee,Sydney,Neurosurgeon,sydne.mcgee@scott.org,563-852-4213
Hall,Cassandra,Environmental manager,cassa.hall@burton.com,+1-409-720-5408x46364
Blair,Amy,Fast food restaurant manager,amy.blair@hill-parks.com,001-354-964-5715x27586
Hancock,David,Health promotion specialist,david.hanco@little-curtis.net,642.603.1515x7749
West,Cindy,Naval architect,cindy.west@blackwell-alvarez.com,001-484-236-9579x992
Johnson,Kathy,Call centre manager,kathy.johns@rodriguez.com,323.223.6993x74714
Powell,Crystal,Curator,cryst.powel@hicks.net,867-761-1601x317
Shelton,William,Careers adviser,willi.shelt@brown.com,240-729-3096x701
Gregory,Seth,Pension scheme manager,seth.grego@wiggins-lucas.com,915-710-2626x2751
Morrison,Amber,General practice doctor,amber.morri@harris.com,4066547436
Bright,Joshua,Child psychotherapist,joshu.brigh@harris.biz,7707476321
Jones,Emily,"Scientist, research (life sciences)",emily.jones@kaiser.biz,6544865874
Mendoza,Matthew,Horticultural consultant,matth.mendo@wallace.net,258-408-5895x279
Mcneil,Kimberly,"Restaurant manager, fast food",kimbe.mcnei@anderson.org,734.588.2594x52914
Perez,Robert,Solicitor,rober.perez@peters-stewart.com,001-990-238-0511
Roth,Cory,Community education officer,cory.roth@stewart.com,001-989-465-4450
Harris,Matthew,"Engineer, aeronautical",matth.harri@stewart.com,274-900-1805x3094
Nolan,Monique,"Scientist, research (medical)",moniq.nolan@maldonado-coleman.com,(822)585-0464x99165
Cole,Patrick,Ecologist,patri.cole@romero.net,001-492-699-8629
Moses,Jason,Sales executive,jason.moses@morgan.com,+1-242-773-0076x2464
Weaver,Ashley,"Lecturer, higher education",ashle.weave@anderson.com,(227)527-1060
Chang,Michele,Audiological scientist,miche.chang@moreno-hicks.biz,+1-673-509-0767
Dennis,Cindy,"Engineer, control and instrumentation",cindy.denni@aguirre.com,609.957.5778x978
Frank,Christian,"Lecturer, higher education",chris.frank@anderson.biz,689.335.9214x5004
Cooper,Phillip,"Designer, television/film set",phill.coope@lloyd-baker.biz,554-878-4425
Green,Jeanette,Hotel manager,jeane.green@norris.com,750-662-4000x164
Good,William,Quality manager,willi.good@horn-horton.net,001-439-286-4179x435
Walker,Christopher,Counsellor,chris.walke@miller-curry.org,001-507-855-9020
Fitzgerald,Brian,Exercise physiologist,brian.fitzg@berry.com,(605)265-1576
Johnson,Amy,"Geneticist, molecular",amy.johns@fleming-chang.info,792.662.8186x829
Brown,Jonathan,Acupuncturist,jonat.brown@lee.com,+1-538-282-9108x95489
Smith,Lauren,"Scientist, physiological",laure.smith@brooks.com,408-236-8415
Tran,Ronnie,"Scientist, research (life sciences)",ronni.tran@mccoy-barnett.biz,998.475.0718
Wilkerson,Alejandra,Statistician,aleja.wilke@shepherd.com,705.984.7657x002
Luna,Sarah,Trading standards officer,sarah.luna@williams.com,(448)979-7573
Pena,Roy,Architect,roy.pena@harper.net,441.290.5101x08594
Collins,Alexandra,Product manager,alexa.colli@hudson-wolfe.net,471.932.3057
Perry,Evan,"Physicist, medical",evan.perry@phillips.info,314.304.1733
Hughes,Stephanie,Mechanical engineer,steph.hughe@harrell-mccarthy.com,598-853-1975
Singh,Francisco,"Psychologist, educational",franc.singh@proctor.biz,842-590-5728x866
Mcguire,Gloria,Analytical chemist,glori.mcgui@arnold.com,945-400-2331x19190
Maldonado,William,Primary school teacher,willi.maldo@ford.com,(752)769-6130
Johnson,Michael,"Biochemist, clinical",micha.johns@thornton-jones.com,+1-589-696-5698
Reese,Jeremy,"Embryologist, clinical",jerem.reese@perez.biz,861-827-8982x496
Long,Jodi,Careers information officer,jodi.long@hill.biz,677-549-2072
Olsen,Lauren,"Lecturer, higher education",laure.olsen@howard.com,001-995-315-2975x3536
Branch,James,Animal technologist,james.branc@long-allen.com,932-267-8244x1694
Woods,Katherine,Furniture conservator/restorer,kathe.woods@figueroa.net,001-594-697-2892
Hayes,Danielle,Best boy,danie.hayes@hawkins-sampson.com,001-403-784-0510
Medina,Sandra,Cabin crew,sandr.medin@foster.com,5658222782
Moon,Christopher,Retail manager,chris.moon@williams.com,+1-507-786-2760x05646
Curtis,Julia,"Investment banker, corporate",julia.curti@goodman.com,755-446-4614x3340
Mitchell,Kim,Television/film/video producer,kim.mitch@owen-johnson.com,001-989-930-4779x060
Lester,Benjamin,Operational researcher,benja.leste@miles-mills.biz,674.826.8159
Mcbride,Allison,Chartered public finance accountant,allis.mcbri@campbell-middleton.com,865.797.8046x5318
Hernandez,Taylor,Technical author,taylo.herna@moreno-robinson.net,831-338-6478
Williams,Joseph,Gaffer,josep.willi@jennings-hensley.org,509-756-1967x5190
Stanley,Terry,Learning disability nurse,terry.stanl@herring-white.org,909.562.8427x5743
Pierce,Julie,"Nurse, learning disability",julie.pierc@thompson-mccarthy.info,+1-745-593-0640x332
Rosario,Logan,Landscape architect,logan.rosar@gamble-johnson.biz,(435)855-1738
Sweeney,Nancy,Maintenance engineer,nancy.sween@campos.com,4864227510
Sellers,Stacey,Retail manager,stace.selle@richardson.info,+1-309-878-1528x61667
