Rogers,Andrew,none,andre.roger@mcdonald.org,534.635.7358
Buchanan,Lindsay,none,linds.bucha@sullivan-guerrero.org,603.653.6738x6336
Gonzales,Michelle,none,miche.gonza@diaz-wagner.com,520-584-5771
Davis,Devin,none,devin.davis@valdez.com,237-462-7130
Martin,Christopher,none,chris.marti@mcconnell.com,001-571-714-7452x4027
Price,Hector,none,hecto.price@ramos.biz,(400)418-7555x658
Owen,Melanie,none,melan.owen@hardy.com,670.408.6713x5981
Mccarty,Jeffrey,none,jeffr.mccar@douglas.com,+1-793-748-7199
Robinson,Jack,none,jack.robin@mann.info,347.419.3485x7117
Campos,Daniel,none,danie.campo@larson.com,590-743-2133x1457
Brooks,Melissa,none,melis.brook@clay.info,2294426536
Williams,Kim,none,kim.willi@jefferson-delgado.com,001-941-834-3322x063
Mills,Leslie,none,lesli.mills@nelson-garcia.com,+1-298-422-6763x5916
Jones,Heidi,none,heidi.jones@hoffman.com,+1-957-298-5585x325
Woodward,Colton,none,colto.woodw@wilcox.com,001-781-606-6444
Kelly,Brian,none,brian.kelly@lowery-kaiser.com,719-521-2711x317
Frost,David,none,david.frost@benton.info,7192943436
Hernandez,Elizabeth,none,eliza.herna@oliver-romero.biz,+1-618-523-4671x18856
Stone,Jennifer,none,jenni.stone@sutton-moss.info,+1-574-583-3010x85019
Parks,Scott,none,scott.parks@thompson-whitney.com,408-541-4715x06440
Little,Kevin,none,kevin.littl@lopez.com,291.815.0150
Riggs,James,none,james.riggs@rivera-huang.org,+1-678-902-7707x57624
Lynch,Derek,none,derek.lynch@houston.com,(596)986-1144
Johnson,Darryl,none,darry.johns@peterson-estes.net,994.993.0308x67708
Ortiz,Patrick,none,patri.ortiz@white.com,885.696.8684x197
Lewis,Brenda,none,brend.lewis@clarke.biz,+1-619-702-5727x030
Calderon,Thomas,none,thoma.calde@carr.biz,(893)912-4246
Lopez,Andrew,none,andre.lopez@washington.com,702.697.1745x38592
Avila,Christopher,none,chris.avila@watson.org,732.457.6609x828
Soto,Jennifer,none,jenni.soto@henderson.com,483.896.4116x584
Freeman,Alison,none,aliso.freem@johnson.com,932-936-6906x5149
Hill,Debbie,none,debbi.hill@harvey-lynch.com,001-797-468-4158x25531
Odom,David,none,david.odom@richardson.com,225-962-1258x535
Murphy,Greg,none,greg.murph@lopez.com,+1-740-858-7450
Green,Melvin,none,melvi.green@freeman-howe.com,(270)245-1088x586
Johnson,Kevin,none,kevin.johns@daniels.net,914-481-4907x8025
Mosley,Shannon,none,shann.mosle@garcia.org,479.509.7896x7492
Solis,Amanda,none,amand.solis@thompson.com,+1-759-632-1954x7323
Mendoza,Dana,none,dana.mendo@carson.com,3529389110
Lopez,Joshua,none,joshu.lopez@berger.info,(844)559-0539
Martin,Cody,none,cody.marti@landry.net,001-424-325-7941x965
Ibarra,Jesse,none,jesse.ibarr@thomas-chandler.com,560-909-2283
Henderson,John,none,john.hende@zuniga.com,+1-579-822-8374x87498
Adams,Caitlin,none,caitl.adams@page.org,001-454-370-1660x730
Nelson,Joshua,none,joshu.nelso@harris.biz,001-718-494-5667x7223
Weiss,Robert,none,rober.weiss@abbott-davis.biz,798-376-7585
Moore,Andrea,none,andre.moore@carpenter.com,+1-512-726-8908
Morris,David,none,david.morri@gregory.net,001-625-264-9850
Cole,Kent,none,kent.cole@boyd-edwards.org,001-441-882-1019x171
Moran,Kayla,none,kayla.moran@stout-guzman.biz,281.376.1065x18989
Norris,Angelica,none,angel.norri@simpson.com,001-919-231-9215
Ballard,Paul,none,paul.balla@welch.com,912-943-9846
Jenkins,Elizabeth,none,eliza.jenki@mccoy-johnston.org,001-611-920-7801x464
Smith,Darrell,none,darre.smith@hale.com,001-613-634-6987x471
Morgan,Charles,none,charl.morga@church.com,+1-597-673-0998
Sutton,Carolyn,none,carol.sutto@white.info,410.534.1639x139
Bishop,Jordan,none,jorda.bisho@davis-cummings.com,(658)414-2153x05253
Salazar,Michael,none,micha.salaz@taylor.info,839-429-0374x726
Hines,Kenneth,none,kenne.hines@stephens.com,8999705699
Gonzalez,Elizabeth,none,eliza.gonza@taylor.net,+1-573-728-2823
Green,Eddie,none,eddie.green@vaughn.com,6709485596
Coleman,Allen,none,allen.colem@ramirez.info,001-272-896-6266x057
Phillips,Steven,none,steve.phill@green.org,001-999-706-6611x12381
Webb,Justin,none,justi.webb@stephens.com,+1-287-456-2362
Smith,Scott,none,scott.smith@briggs.com,+1-823-824-0073x95910
Lee,Cynthia,none,cynth.lee@sutton.com,(992)523-4667
Farmer,Austin,none,austi.farme@aguirre-sloan.com,807-552-5744x1682
Davis,Paul,none,paul.davis@casey.com,889-981-3082x705
Mendez,Holly,none,holly.mende@lee.info,+1-930-515-8260x996
Clark,Jenna,none,jenna.clark@burke-gonzalez.com,4012354318
Holloway,Charles,none,charl.hollo@ibarra.biz,001-556-593-4689x623
Orozco,Amanda,none,amand.orozc@mills.com,(792)655-1832
Hoffman,Elizabeth,none,eliza.hoffm@pierce-parker.com,682.937.7000
Cisneros,Brianna,none,brian.cisne@santiago.net,(703)243-1963
Mathis,Andrew,none,andre.mathi@steele.com,(293)664-9218
Liu,Steven,none,steve.liu@adkins-matthews.com,001-220-988-3449x8470
Robertson,Bryan,none,bryan.rober@gonzales.com,422-355-3427
Howard,Michelle,none,miche.howar@mejia.net,(349)287-8848x69559
Miller,Ryan,none,ryan.mille@lawson.com,+1-402-890-1898
Wells,Donna,none,donna.wells@patel.info,2512864759
Mendez,Kristopher,none,krist.mende@callahan-lopez.com,(853)838-7155x645
Hendricks,Eric,none,eric.hendr@harris.biz,5224804433
Velasquez,Andrew,none,andre.velas@taylor.com,+1-973-419-2410
Scott,David,none,david.scott@moody-davis.net,(469)632-5017
Mitchell,Amber,none,amber.mitch@burnett-burch.com,+1-582-241-5679x557
Bailey,Eddie,none,eddie.baile@james.com,(696)443-2427x9431
Thomas,Leah,none,leah.thoma@brown.com,(921)880-4260
Hall,Kenneth,none,kenne.hall@schwartz.info,001-907-351-4586x2966
Schmitt,Amanda,none,amand.schmi@brown.com,5406774963
Smith,Joseph,none,josep.smith@russell.biz,001-233-777-7993
Baker,Jennifer,none,jenni.baker@casey.info,+1-314-476-5427
Hernandez,Jennifer,none,jenni.herna@johnson-gay.info,(213)818-4169
Scott,Julie,none,julie.scott@allen-warner.com,909.465.3800
Harris,Joseph,none,josep.harri@robertson.biz,(273)478-4833
Collins,Joel,none,joel.colli@carpenter.com,(517)742-1461x90004
Glover,Denise,none,denis.glove@li-cisneros.com,395-779-6723x3500
Stewart,Mary,none,mary.stewa@santana.com,302-522-8959x416
Anderson,Kathryn,none,kathr.ander@young-castillo.net,997-312-3050x4382
Morgan,Robert,none,rober.morga@baker.com,524.345.3594
Morris,Michael,none,micha.morri@robles.com,297.774.4266x8902